{
    "num_objectives": 2,
    "num_particles": 50,
    "num_iterations": 3,
    "max_iter_no_improv": null,
    "tol": null,
    "lb": [
        0.0,
        0.0,
        0.0,
        0.0
    ],
    "ub": [
        0.006,
        0.03,
        0.2,
        1.0
    ],
    "w": 0.5,
    "c1": 1,
    "c2": 1,
    "global_best_position": [
        0.0019398069531375288,
        0.010460303952483733,
        0.09189498389584946,
        0.5742995817129406
    ],
    "global_best_fitness": [
        0.42530851571555195,
        0.060207380978927416
    ],
    "iteration": 6
}